Test Number,Max Eigenvalue,Iterations for Max,Min Eigenvalue,Iterations for Min,Trace,Determinant
1,-1.0688117080895767,9,5.0106075251018405,9,-0.8692330509864967,-0.2133096424667898,
2,-1.1849128671315314,67,0.995370231482831,60,-0.18026101299348873,-1.1904685955139198,
3,null,infinity,null,infinity,2.3506607522760485,1.8981685658676184,
4,-2.3436063296667973,12,1.520477490098343,8,-1.6859106399830472,-1.5413652159593483,
5,null,infinity,null,infinity,-0.07321383666090808,-4.0756613468798,
6,null,infinity,null,infinity,2.209124291189004,2.1577137720467814,
7,1.4440246147866944,9,3.00753468362862,10,1.7765195513897547,0.4801353221924772,
8,-0.5693293457207983,8,11.63602308224785,9,-0.4833907195807723,-0.048928304333097916,
9,-0.5422322323159069,9,10.105760936640129,9,-0.44327728934648025,-0.05365565271470603,
10,null,infinity,null,infinity,0.30899625441973066,0.6675216376597272,
11,-1.523107780724614,11,1.8642284407147107,13,-0.986702094879198,-0.817015423811652,
12,null,infinity,null,infinity,-0.9190579662724008,1.080748947673007,
13,-2.187432899127725,72,0.5369506027093203,59,-0.32501741561577724,-4.07399951574862,
14,null,infinity,null,infinity,-0.6543090793537849,0.21371738470598767,
15,0.5793930977881301,32,-2.458331981860072,36,0.17263199222611902,-0.23569050232759747,
16,-0.6721390594567919,25,2.3826918759527813,27,-0.25243035534082514,-0.2820893059244425,
17,null,infinity,null,infinity,1.4652397075375152,1.153355854948606,
18,null,infinity,null,infinity,2.971846388729218,3.812775343609478,
19,null,infinity,null,infinity,2.2539469022078076,3.866905465584931,
20,null,infinity,null,infinity,2.733202848278619,2.5976779490566164,
21,null,infinity,null,infinity,-1.1347101808754183,0.3901313403682912,
22,-2.166795267066317,5,3.437994252530904,10,-1.87593115910839,-0.6302509074913456,
23,null,infinity,null,infinity,-0.11506499677471282,1.2397357774492284,
24,-1.8559841531367356,10,2.173683686605245,9,-1.395928064790691,-0.8538375705255772,
25,null,infinity,null,infinity,-0.17684612509725905,1.2544698724014747,
26,1.9440214046488982,20,-0.9688555482957247,16,0.9118482195929789,-2.0065294402551244,
27,-1.8517994604109826,5,-18.209547061027425,5,-1.9067156094331534,0.10169387632546711,
28,1.1933261553466044,5,-77.77259298943825,6,1.1804681691422179,-0.015343787874771309,
29,-1.5164947089116172,27,0.9083561154485545,33,-0.4155681434983354,-1.6695043268568155,
30,null,infinity,null,infinity,3.5377245661089196,5.405792645369816,
31,-1.6734939662181003,16,1.276906856467885,15,-0.8903424055054723,-1.3105624398488305,
32,0.6440284222418968,10,-5.830882275196385,11,0.47253446534033294,-0.11045262050613683,
33,-1.4011079307419017,9,-1.700776450128485,10,-1.9890939647397752,0.823806894445987,
34,1.829933531462808,11,2.38798704778477,7,2.2487040075360545,0.7663090808422733,
35,-2.328673456715465,24,0.6533210570252956,26,-0.7980799889794525,-3.564309406042553,
36,-2.341033036549746,16,1.0117962586113847,11,-1.352693298954561,-2.3137642069444624,
37,1.615899169515852,13,-1.458799850804104,11,0.9303944060297136,-1.1076914564187934,
38,null,infinity,null,infinity,2.318924749850653,1.8164092204508109,
39,-1.3440476191861876,26,1.1303642451388953,29,-0.45938188478010433,-1.1890695661697546,
40,2.474134029975886,24,-0.6910155777788648,17,1.02700416767115,-3.5803462604255802,
41,1.670948027136959,9,-6.531929636239219,6,1.5178542909434305,-0.25581239512331766,
42,null,infinity,null,infinity,0.0635727193929756,-3.022914973138109,
43,-1.9453633251613904,18,0.9605465090081134,19,-0.9042913508279908,-2.0253085528928167,
44,-1.8131869287574378,5,-14.65380994752654,6,-1.8814288682645306,0.12373486630546397,
45,null,infinity,null,infinity,1.7077360535479973,0.805860915689149,
46,-1.9545637005659968,6,-6.196163231462961,7,-2.1159517167111783,0.31544712542186915,
47,null,infinity,null,infinity,1.5645363407410846,1.2283821657807246,
48,null,infinity,null,infinity,2.6744680144167488,2.2525954507742227,
49,-2.2061673029611795,7,-6.400137491666619,5,-2.362413493936118,0.3447063232450589,
50,1.3568982092721342,34,-0.9876001196555257,38,0.3443816050178463,-1.37393076229929,
51,1.230744811417508,36,-1.1115453845333212,34,0.33106313342726557,-1.1072392976829983,
52,-2.2473141009477087,5,31.22496062957811,5,-2.2152884063133857,-0.07197171848206307,
53,null,infinity,null,infinity,-2.8770979902248626,2.1644967155808534,
54,-1.5840548017872644,20,1.1587754107550612,18,-0.7211006230576991,-1.3669989013479455,
55,2.608184386361955,16,-0.8682031942454205,10,1.456346125870407,-3.0041514560621816,
56,null,infinity,null,infinity,1.667324149203786E-4,-0.874914575752607,
57,-2.5133582827451026,4,-3.0920808887022613,6,-2.836767420149467,0.812837758167734,
58,null,infinity,null,infinity,-0.06886016964532704,1.2972944756043832,
59,1.881940720120183,15,-0.8461566008388357,11,0.7002666051921995,-2.224111552126481,
60,1.783679210239221,7,-3.3716859687083023,8,1.4870871290516714,-0.5290150601953201,
61,null,infinity,null,infinity,1.4795352660613879,1.7550076338250828,
62,0.9296681085258642,81,-1.2411819248425902,73,0.12401977813684528,-0.7490229802088249,
63,-2.316678794226212,12,1.1220763351649727,10,-1.4254918523812612,-2.064636271644294,
64,-1.7651396059930633,18,1.0224768030144027,22,-0.78709359781192,-1.7263419789835406,
65,-1.7752733733749033,6,-7.044651910124923,7,-1.9172225945574515,0.25200268762862765,
66,-1.6113862199649176,6,13.767255760170551,7,-1.5387500054572012,-0.11704482978065267,
67,null,infinity,null,infinity,1.426785216895008,2.616463872706825,
68,2.3458387583026727,9,1.2233168024401204,11,3.1632789725549686,1.9176113437245532,
69,null,infinity,null,infinity,0.8737903429429599,1.2617874229125179,
70,null,infinity,null,infinity,-0.43999880291864146,0.19525150870987257,
71,null,infinity,null,infinity,-3.4436780375319467,2.976908769262266,
72,-1.9871228450941003,43,0.6338878654773837,43,-0.40962866149504196,-3.134747882172842,
73,-1.50562713841866,15,1.2820837849130164,17,-0.7256270355852608,-1.1743598954157526,
74,2.2171743305465594,72,-0.5256790828874548,53,0.31482092852220767,-4.217935818329659,
75,1.7540841071410609,9,-2.541314801532749,10,1.3605803233691827,-0.6902231253429214,
76,null,infinity,null,infinity,1.2924026720948336,2.2105461288960075,
77,null,infinity,null,infinity,-0.11035501766389455,-2.116305145842002,
78,1.4724504475903073,8,-3.5759267139774766,9,1.1927980011650656,-0.4117657714604204,
79,-1.8754293445284373,9,2.572910511065552,8,-1.4867611912979912,-0.7289103465479242,
80,1.4640796073165958,13,-1.8531143128693157,13,0.9244365239074468,-0.7900630659236645,
81,null,infinity,null,infinity,0.20165092794247874,0.032157467234323056,
82,-2.271828792818635,11,1.2021753111545619,13,-1.4400196553727898,-1.8897663240298443,
83,2.564370666600966,12,-0.71886100620049,8,1.17342117987597,-3.567162653704753,
84,-1.4127329284938397,19,1.3277411413817646,16,-0.6595791052005304,-1.0640319491404675,
85,2.0623565921389626,9,4.313083373100878,5,2.294213061626417,0.47816349073768527,
86,2.6340425397988,8,-1.6806792090027536,10,2.03903946221985,-1.5672490590289807,
87,null,infinity,null,infinity,0.22617431932957244,1.3839428554908983,
88,null,infinity,null,infinity,0.9664801316444223,1.9373916202173949,
89,-2.0883087822360134,11,1.4340276316324492,12,-1.3909645930217729,-1.4562404029917408,
90,1.5402965468446546,15,-1.5573795346847015,14,0.8981873371685225,-0.9890184313156964,
91,2.2373060731594983,10,-1.4639153603274653,12,1.5541973719059374,-1.5283115456268364,
92,1.0550881753243528,46,-1.1769311946466234,56,0.2054553688154912,-0.8964739379926236,
93,-1.4763730622431324,21,-1.2648927672589376,12,-2.266943118090645,1.1671985341610116,
94,-2.2013812898033494,45,0.5978381514524771,32,-0.5286576087872197,-3.6823813704452286,
95,1.8187786995995894,10,-2.0921847927460697,10,1.3408200727180737,-0.8693227338820043,
96,-1.240360389885192,7,8.845184752743048,6,-1.1273039215921172,-0.1402299347587549,
97,-2.4604220972517994,9,1.4760688129962978,10,-1.7829449830253568,-1.6668651143572095,
98,1.4679964217298591,7,7.064667672633807,7,1.6095449128176638,0.20779407295491517,
99,null,infinity,null,infinity,-0.5957686060078591,0.20883777493790556,
100,-2.4453343271097174,14,0.9021739276733045,15,-1.3368997145897468,-2.7105409786717436,
101,-1.4210043319860717,6,-6.514986476881183,8,-1.5745003947576075,0.21811364319285365,
102,1.272449123908789,69,-0.9018598979167332,72,0.16362380274095978,-1.4109763204620496,
103,-1.6067796937369347,5,5.891488712651845,9,-1.4370425023902795,-0.2727290582979709,
104,1.7239743661679405,24,-0.9306058159057573,21,0.6494063684528348,-1.8524763997977458,
105,null,infinity,null,infinity,2.417655806875046,3.236987616163376,
106,null,infinity,null,infinity,3.4981121335611625,5.055350124099133,
107,-2.3978198141408607,7,2.323336025358925,10,-1.967408801279022,-1.0320617182918528,
108,-2.056189642028017,91,0.5353707886209672,96,-0.18826623607677861,-3.840896123734437,
109,2.7865812238982066,12,-1.0791630286168332,9,1.8599380793273452,-2.582194354786866,
110,-1.2343727491054506,10,3.6930703179908115,9,-0.9635868675084591,-0.33423764650211685,
111,1.2295185658610341,12,-2.6613186823060677,12,0.8537692449407155,-0.4619967220064648,
112,2.2706792256799324,7,3.0515997525080514,8,2.598373825147367,0.7440946527838954,
113,-1.815731005653591,6,-4.656388715461789,7,-2.030486616558827,0.38994361916409925,
114,null,infinity,null,infinity,-2.162783293310394,1.252085597924905,
115,null,infinity,null,infinity,-0.6485978205010863,0.3668724290780472,
116,null,infinity,null,infinity,-0.4821689845502748,0.2517545008823846,
117,null,infinity,null,infinity,3.489155036343936,4.012732397172186,
118,null,infinity,null,infinity,0.20216502094586364,-3.807863187602223,
119,2.6954930593838933,6,-14.216454532555304,5,2.6251520795788164,-0.18960375378397853,
120,null,infinity,null,infinity,0.7621139582553758,0.6572897910046179,
121,null,infinity,null,infinity,-3.3066542193610076,4.2528631836967525,
122,-1.7516744203454495,5,15.05036371978213,6,-1.685231739759908,-0.1163875860909939,
123,null,infinity,null,infinity,2.07116085205158,2.404753234841838,
124,null,infinity,null,infinity,-1.1387234769519332,0.797665437747462,
125,-1.5329059268277603,22,1.0432272086037762,20,-0.5743682611818088,-1.4693780574765858,
126,null,infinity,null,infinity,-0.08942852876517327,-1.65901216359589,
127,-1.5786347746894582,13,1.9467715399738468,11,-1.064970555764654,-0.8108975278423599,
128,-2.448755490095299,7,1.222533397661064,13,-1.6307912912343978,-2.003013408602097,
129,null,infinity,null,infinity,3.167225583966463,4.097163116923595,
130,1.773712987023224,15,-1.257655791136939,15,0.978569681287738,-1.4103335861011723,
131,2.022342682073151,5,-7.917813800025021,8,1.896045764306895,-0.2554168828177976,
132,2.0204718957982113,31,-0.6945529769546798,34,0.5806772650279175,-2.909118132845866,
133,null,infinity,null,infinity,-0.8631396427300615,0.8300898141676236,
134,null,infinity,null,infinity,3.4938746328430237,4.074476683316698,
135,null,infinity,null,infinity,2.6826638743655913,2.088762374680237,
136,-0.6631540716800176,6,-17.472610793399017,7,-0.7203824586860237,0.037953696606653445,
137,1.4459895483320384,29,-0.9764670418955788,22,0.4218927998393478,-1.4808839700164258,
138,null,infinity,null,infinity,2.1816302721788463,1.3239478566346672,
139,-2.1073332220451473,7,-5.76578543824859,6,-2.2807685240826094,0.36548923525268806,
140,-2.1113987932511025,38,0.6134547093693054,37,-0.4813259989122458,-3.4416660818822713,
141,null,infinity,null,infinity,0.14065667568584939,2.151155557611853,
142,1.2897751610418127,36,-1.0229174994267607,45,0.312179138278049,-1.2608369490287596,
143,null,infinity,null,infinity,-0.19603049752382828,0.4419289489501111,
144,2.792813168150596,10,1.5694188244787,7,3.429991010198718,1.7795261292392008,
145,1.803613681568079,6,-5.968401588537926,7,1.6360669203143274,-0.3021942265143849,
146,3.2213969997229968,7,-1.4411051004438198,9,2.527478161706015,-2.2353657310311417,
147,-1.9803791600517433,100,0.5559772966477228,61,-0.1817999954148699,-3.561780480971229,
148,-2.0201276666741967,19,0.9196619100606611,19,-0.9327454447920984,-2.19661853443467,
149,null,infinity,null,infinity,0.7004722903530021,3.670993225779661,
150,null,infinity,null,infinity,-3.301235232434652,3.0031069848234466,
151,-2.368256267766299,12,1.1974884358946158,9,-1.5331752289513378,-1.9776690560393706,
152,-3.543287438378781,4,-5.626494347266458,7,-3.7210173733369367,0.6297503702668004,
153,null,infinity,null,infinity,-0.1682402075251832,0.735696755834281,
154,1.4010694797750753,11,-1.7077089829020287,17,0.8154728056902161,-0.8204343816376736,
155,null,infinity,null,infinity,0.05005391151436678,-3.352444625518919,
156,null,infinity,null,infinity,1.6130664726947987,0.8387851821525524,
157,-1.8739092237692059,11,2.534125068822975,7,-1.4792924462494965,-0.739469616206542,
158,-1.50411644216542,10,2.441880303004389,11,-1.0946012150824829,-0.6159708214901729,
159,null,infinity,null,infinity,0.26638434080051265,1.1406449746529048,
160,0.7205500978336239,26,-2.136907319869611,30,0.252561650049985,-0.33718613910043116,
161,null,infinity,null,infinity,-0.43041172079947776,1.4805367268869063,
162,null,infinity,null,infinity,1.9861176365744808,1.6946937324950173,
163,null,infinity,null,infinity,0.04682846299219934,0.3759841854754797,
164,1.8583686331405098,17,-1.1420442414549954,13,0.9827289321672126,-1.6272315246878057,
165,null,infinity,null,infinity,-0.557976584244817,0.9341674400908395,
166,2.458110255087708,9,-2.436249716865407,7,2.0476486032291574,-1.0089746243611861,
167,-1.8974731338086857,10,-1.4659474088868465,13,-2.5796076599495263,1.2943616869278263,
168,1.4963564432019807,90,-0.765127596299149,68,0.18932537231742996,-1.955720591347756,
169,-1.8337466371157118,8,2.092751352109651,8,-1.3559139443303465,-0.8762367853894502,
170,null,infinity,null,infinity,-0.9336281512497577,0.4364601832652578,
171,null,infinity,null,infinity,-2.5891955225773517,1.9888937524766652,
172,-2.1911229859642,12,-1.0860873177005719,13,-3.111854418585565,2.017477901199742,
173,null,infinity,null,infinity,0.13665466555643846,-4.344475776227436,
174,null,infinity,null,infinity,-2.9498060580677574,2.8248725099034546,
175,null,infinity,null,infinity,-0.03550554820654961,-2.6406755662241266,
176,-2.4955894124495486,20,0.7803882164781569,13,-1.2141879119930246,-3.197817833706347,
177,-0.2331344059756222,5,82.29983807370036,8,-0.22098337224364828,-0.0028327402396095547,
178,1.9408055894588803,18,-1.210890741217649,9,1.1149640018253386,-1.6027685208819493,
179,-2.3546449461119057,9,3.781198671942176,6,-2.0901793342787505,-0.6227247983341104,
180,-1.9963277000256046,22,0.7309433213710513,30,-0.6281828949664088,-2.7312065508008194,
181,1.7694557020952726,19,-1.0354874218706613,20,0.8037218920712199,-1.7087814074349956,
182,null,infinity,null,infinity,-0.40786021048580956,1.5718716618855155,
183,2.482445020377292,19,-0.6515166027107978,22,0.9475500901823248,-3.810351626607398,
184,-1.2901176342867915,15,-1.4967724732173358,16,-1.9581870384734454,0.8619192263578941,
185,null,infinity,null,infinity,0.32268602260257007,1.3514654162514987,
186,-0.9711807008210377,9,7.200340439221006,7,-0.8322962536542944,-0.1348796517945986,
187,null,infinity,null,infinity,1.6725857630933905,0.7252154690455079,
188,-1.7955567654019786,20,0.9544891319555693,22,-0.7478464761539629,-1.8811762641822238,
189,null,infinity,null,infinity,-0.13545575097828388,0.8375458260684825,
190,null,infinity,null,infinity,1.0523286805825247,0.3664705958692406,
191,null,infinity,null,infinity,-0.3730541414903632,0.35119755393651664,
192,null,infinity,null,infinity,-1.294315062485535,0.5967364259147272,
193,null,infinity,null,infinity,-0.05674532547274813,-1.2652010686335888,
194,1.8984223442085049,8,3.516458754641366,8,2.182794354179782,0.5398664168015692,
195,-1.3448311773351553,17,1.3720419865227662,23,-0.6160082365014237,-0.9801654159421265,
196,2.2403563651938154,31,-0.5982285480323315,32,0.5687867029300153,-3.744833729727481,
197,null,infinity,null,infinity,-1.3420481674171478,2.145041508738217,
198,null,infinity,null,infinity,-2.545346937663501,1.7840513578075488,
199,null,infinity,null,infinity,2.663907070038312,2.124797804379984,
200,null,infinity,null,infinity,-2.280336915040747,1.6329694003598934,
201,-1.6967193440798154,5,48.14736873713692,5,-1.6759497055878518,-0.035240124756497515,
202,1.749927765560034,20,0.808876954779778,19,2.986145695937736,2.163234942160349,
203,-1.1635045341549892,10,-2.8083342398607054,11,-1.5195743061991016,0.41430104007650914,
204,null,infinity,null,infinity,-0.9721168125211386,0.28780622963731206,
205,null,infinity,null,infinity,0.13559832725068954,-3.365999755193264,
206,1.145565698981804,26,-1.3657458843054544,27,0.4133679888642696,-0.8388049149900481,
207,3.5200679114075033,5,-4.9687726253860065,6,3.3188108483554797,-0.7084378110898859,
208,-2.0090100829905446,65,0.5972786061984308,51,-0.3348268500641449,-3.3635245585842792,
209,2.4291408706658055,7,2.326960300991434,9,2.858880649680665,1.043911388710847,
210,2.2772985648242545,6,-16.49816134325433,5,2.2166862945187127,-0.1380335103428495,
211,null,infinity,null,infinity,3.3450828482332993,2.9956152768621784,
212,2.5034205051210505,5,-17.868593194838027,6,2.447456293601147,-0.14010170631958174,
213,-1.7726416176524489,14,-1.4923373268191242,10,-2.4427269145333055,1.1878369882358328,
214,null,infinity,null,infinity,2.078403726033099,1.5735474217404062,
215,-1.5391642516877937,8,5.386094728531884,8,-1.3535016961457105,-0.2857663483745704,
216,null,infinity,null,infinity,2.20814425735335,1.581091646637606,
217,-1.1445759035110268,13,-1.9682498111534799,15,-1.6526546988045734,0.5815229218268604,
218,null,infinity,null,infinity,2.2716760045068414,3.067757292082491,
219,1.2539319702998943,9,4.010447206165968,9,1.503278383734107,0.312666137025412,
220,-1.8817703069803158,14,-1.0922429715587383,15,-2.797321353844342,1.7228874352687795,
221,1.753357276412897,13,-1.7631970208553898,9,1.1862144887418786,-0.994420262629095,
222,-1.8737305879339101,5,-21.933868127157503,6,-1.9193223290738493,0.0854263695006934,
223,null,infinity,null,infinity,0.6915872168552153,0.21065248851680096,
224,-1.5903846151233554,23,0.8813169344043271,31,-0.45567901314605797,-1.8045658328672647,
225,-1.2609842548664558,6,-20.46379122619452,6,-1.3098511399257111,0.06162026793733978,
226,2.2013559981980353,16,0.9517771068886417,9,3.252018304137058,2.3129297955988233,
227,null,infinity,null,infinity,-0.1822393859840541,-5.622531426782029,
228,null,infinity,null,infinity,0.6711948655979865,0.44431835057639635,
229,null,infinity,null,infinity,-1.0155786879746693,1.69162756810274,
230,1.0735191022951127,16,-1.6775631035615375,21,0.4774077911977126,-0.639915967095047,
231,null,infinity,null,infinity,1.683784392901809,1.5727687759540525,
232,-1.1836264636140579,77,0.9725733539473727,62,-0.15542386583464252,-1.2170543693392435,
233,1.1969525717647975,16,-1.6324911970209113,18,0.5844130226111228,-0.7332103153092536,
234,1.7317756343240123,21,-1.2133025292309394,10,0.9075732727143357,-1.427304384992182,
235,null,infinity,null,infinity,-1.3159767990512834,0.9447428911002389,
236,-1.3330003411351365,39,0.9887369628979231,41,-0.3215657749751979,-1.3481925420132281,
237,-1.7374597358985693,23,0.9565442214084149,22,-0.692033617148422,-1.8163461877470424,
238,0.7934637981782392,7,-10.412718290241832,8,0.6974243060914178,-0.07620108430066469,
239,null,infinity,null,infinity,-2.766801475304063,2.2740340999765425,
240,0.9305386136952748,10,-4.341980236468665,11,0.7002230254184068,-0.21431051369020526,
241,-1.854598806586552,23,0.931453373750627,20,-0.7810108285592681,-1.991041810691179,
242,2.1769040171412355,9,2.465679578467614,8,2.582469584556287,0.8828827370471704,
243,1.1297053662540546,45,-1.1060831424388156,50,0.22561767376812591,-1.0213938651810721,
244,-1.4690338641721394,10,2.4274875371727913,11,-1.0570774974445873,-0.6051618126865868,
245,-0.8097475216988334,22,2.4269200748670894,16,-0.39769199468623384,-0.3336502720030694,
246,-1.4333907711763372,5,-12.48017996566867,7,-1.513517529855625,0.11485335255255186,
247,-1.0279704397674148,19,1.8063043588125711,20,-0.47434792944362414,-0.5690898327478922,
248,null,infinity,null,infinity,2.5683285765226067,3.2958275475491687,
249,-1.402645551338389,11,-1.5933812634781517,16,-2.030228755075332,0.8802925596266341,
250,1.631602859220019,9,-2.122266928072213,10,1.160417247993815,-0.7688096478802178,
251,-1.2939025654136422,8,-4.616196758731829,8,-1.5105342007273972,0.28029666989340096,
252,-1.9532275363696394,35,0.6780744769977013,29,-0.4784047655775141,-2.880596135868739,
253,2.0615613662360195,13,-1.0373873699948555,18,1.0976032615831501,-1.9872881298329161,
254,0.8667219454911028,4,-70.68758887149744,6,0.8525750886704135,-0.01226130161224731,
255,0.6600281453652619,8,-7.040281930000571,11,0.5179942951679819,-0.09375112793324408,
256,1.3773433587975583,48,-0.861793584228051,78,0.21702495183264814,-1.5982138436065512,
257,0.5602615502229268,62,-2.1494396472878314,63,0.09500756345576322,-0.2606425422481009,
258,-1.7354915048499078,15,1.341362587473042,14,-0.9899798642444875,-1.2938124741686163,
259,-2.2099436701787174,59,0.5402422861560042,57,-0.3588275413403066,-4.090777172314326,
260,-1.6178058379778668,20,1.1455489410126356,18,-0.7448901942278114,-1.41225028590366,
261,0.8752952541333565,24,1.5903400530729166,26,1.5040202107426568,0.5503491157956801,
262,-1.6876383789332945,15,1.4308637546141978,14,-0.9887546985357831,-1.1794416601513849,
263,0.7746030793170381,13,2.786727201558879,13,1.1334135056681593,0.2779506898156318,
264,1.3938397161589373,78,-0.817686298633773,92,0.17082268312866367,-1.7046330002191181,
265,null,infinity,null,infinity,-1.5693863011560532,2.480479135177131,
266,null,infinity,null,infinity,-2.069911633659549,1.7842754827865683,
267,null,infinity,null,infinity,0.1603374812811773,2.0313393959580655,
268,-1.8023846979504368,22,0.98469507977811,17,-0.7868420711054749,-1.8304285212573217,
269,1.2791940554470582,10,2.3371204110105066,11,1.707050296236703,0.5473325083946641,
270,-2.6487837745559433,31,0.50510942042331,33,-0.6691016765758171,-5.243829566888788,
271,null,infinity,null,infinity,-1.5432503844411314,3.242046504767955,
272,1.346340046468559,97,-0.8400051933343398,83,0.15592292432914334,-1.6027604766597883,
273,null,infinity,null,infinity,-0.9145147457049063,2.275198160834692,
274,null,infinity,null,infinity,-0.9050491655974211,0.4218087374703751,
275,-2.1692010963995707,17,0.829806723905388,19,-0.9641311208926702,-2.6140834728760582,
276,1.182312097848412,89,-0.9591597276507259,79,0.13977838967457057,-1.2326471604327685,
277,-1.5269426220259934,5,-97.69047900464845,5,-1.5371790380627273,0.015630413947917032,
278,null,infinity,null,infinity,0.27811476469836194,2.26804053597005,
279,-1.6222191573408602,10,1.8115388030424566,12,-1.070193321183682,-0.8954926636493554,
280,-1.8804004501373093,8,2.347827360381744,8,-1.454469906365957,-0.8009099214523209,
281,-1.493427330529474,14,1.5867289255285826,15,-0.8631901602728309,-0.9411842537056987,
282,-1.8895365473208636,19,-0.9003349355026529,17,-3.0002322290625565,2.0987478013214016,
283,null,infinity,null,infinity,-0.03870490228544954,-1.2570895910950226,
284,null,infinity,null,infinity,-3.101330712595771,3.2184298194824765,
285,null,infinity,null,infinity,3.0934082384076693,3.252282108871326,
286,-0.9861534059535634,11,2.864473923927176,12,-0.6370372710648144,-0.34426509651015846,
287,1.0811416133514982,16,2.1482072034178623,11,1.5466655134076182,0.5032829069061957,
288,1.767132451242877,5,26.293592842262907,5,1.8051642474469904,0.067207710432591,
289,null,infinity,null,infinity,2.3253798517490782,1.6422789159559181,
290,-1.4522561915994945,23,1.165365271087784,22,-0.5941567263334129,-1.246153680011263,
291,-1.9312204889403197,27,0.6843349706796965,46,-0.46992288173862296,-2.822147491341532,
292,-1.490913467141844,11,2.4424716309351093,9,-1.081499337975821,-0.6104132042002942,
293,null,infinity,null,infinity,2.182149060945369,1.3586415173100572,
294,-2.1465186480044838,9,4.3322226658614715,6,-1.9156897606402659,-0.4954771545147722,
295,-2.0629614422439366,18,0.8992913355786402,18,-0.9510043606459746,-2.2939558804996665,
296,1.8911240499807935,6,21.344997968734834,4,1.9379733648905262,0.08859799505461874,
297,0.607591284977554,9,6.977485989371468,10,0.7509048066046775,0.08707825846168513,
298,null,infinity,null,infinity,1.2859375095964043,1.204146658227149,
299,1.45733362255702,5,-37.861550079221985,5,1.4309214833364945,-0.03849112183108194,
300,1.9098440035796576,28,-0.7864061448240056,27,0.6382269127495648,-2.428647094556405,
301,null,infinity,null,infinity,0.268953855845774,0.5271869895191389,
302,1.797455667796696,18,-1.0842269877246409,19,0.8751379330709099,-1.6578002219954706,
303,1.1106820994682252,4,93.57597355373599,5,1.1213685578986898,0.011869308033507955,
304,null,infinity,null,infinity,-0.06995338420202124,2.3707300579517008,
305,-1.4835843066955818,6,19.64295689001902,6,-1.4326757606390839,-0.0755275589890061,
306,2.0186058751347673,22,-0.8006314094648055,21,0.7695796626350515,-2.5213345987304807,
307,1.4423205199787956,21,-1.2512150699949496,20,0.6430925777486842,-1.1527119184811507,
308,2.235802800434294,7,-3.5285355934044738,8,1.9523994849165849,-0.6336358033474342,
309,null,infinity,null,infinity,0.5456190372589971,0.8105687966669655,
310,null,infinity,null,infinity,0.04785166593164192,-1.4338658669351272,
311,-1.8749074173186948,43,0.6842121960189791,45,-0.41343019122081337,-2.740202606727231,
312,null,infinity,null,infinity,-0.8042741892363203,0.6743093575953941,
313,-1.796923632212356,7,-1.9048810025277976,12,-2.3218803207760224,0.943324390912457,
314,1.8344121928789479,9,-1.340442870949824,13,1.0883801957559438,-1.368513783402682,
315,null,infinity,null,infinity,1.6317253563516076,2.89400420475082,
316,null,infinity,null,infinity,-1.3435207113918137,0.6086658866586088,
317,-1.4107776931014469,34,1.039553975849886,24,-0.4488605257556726,-1.3570903030725574,
318,null,infinity,null,infinity,-1.260405448785035,1.2594879770323337,
319,-1.571949103520462,39,0.8526098616784356,36,-0.3990884062558271,-1.8436245979633423,
320,0.815523594020451,9,4.821499103943118,10,1.022918788344131,0.16914159945816779,
321,-2.110378170827767,9,-2.1834671164301347,7,-2.5683726896911594,0.9665259159639356,
322,null,infinity,null,infinity,-1.4786567378271336,1.0022142875234266,
323,-2.47252526202256,16,0.9845723212038484,11,-1.4568629116080465,-2.5112278129722023,
324,2.076295538395125,12,1.2256952924431492,13,2.8921489086634953,1.6939777246898424,
325,-1.038425894569771,80,1.1044770750455977,84,-0.13297895276833893,-0.9401943350011626,
326,null,infinity,null,infinity,-0.14244001827325992,-2.6766952212629604,
327,1.5658625718298818,16,-1.3960104002202,15,0.8495448934305623,-1.1216884507706553,
328,1.4804323788389278,10,1.8588406995671827,12,2.018411401550018,0.7964257900083277,
329,1.3022457499840476,41,-1.0143091690616184,36,0.31635101983903136,-1.28391772255865,
330,0.6231679598683993,14,-3.533602161669971,19,0.34017950394527485,-0.1763579317397837,
331,null,infinity,null,infinity,-2.599859139805395,1.7991136237038856,
332,-1.548885114685123,16,-1.1648204262310458,17,-2.407374321045401,1.3297358854406873,
333,null,infinity,null,infinity,0.8125932938898996,0.7265437001061928,
334,null,infinity,null,infinity,1.0243037280563758,0.9658376708257472,
335,1.2668676248612678,15,-1.9044300297612975,14,0.7417726273219856,-0.6652142401766834,
336,1.3210934365767608,7,4.308909072329619,9,1.553180189791644,0.30659763751149416,
337,-1.4463849074759663,50,0.9068654199294578,30,-0.3437260735720735,-1.5949115323104066,
338,null,infinity,null,infinity,0.75461804592089,0.5268999283769668,
339,1.9198186096169327,68,-0.6163170619159863,54,0.29735761753400736,-3.1149080259777957,
340,-2.3921996719650367,7,-1.470969549934313,9,-3.072026524836532,1.6262651463115567,
341,null,infinity,null,infinity,-0.8596785112487786,0.9188098621916134,
342,2.5987038021846662,12,1.0818298187025606,9,3.5230567818856153,2.4021552728653335,
343,-0.6714237982966319,15,3.5999666607383194,12,-0.3936381697693889,-0.1865058460434912,
344,-1.5206924642344741,15,1.3728679180053407,16,-0.7922949789779667,-1.1076972901391164,
345,1.2105463301073616,6,10.457386529333812,7,1.3061716070924452,0.1157598570023339,
346,2.9402237481632167,5,-12.120620520850979,6,2.857719592364223,-0.24258028426510747,
347,-1.2548401974037244,18,1.1745349225059194,30,-0.40347164298284754,-1.0683716579404243,
348,1.2032801677425744,14,-2.2082207069940796,12,0.7504160870819621,-0.5449085026639809,
349,null,infinity,null,infinity,-0.268880532106583,0.5818871775909772,
350,-1.2398028942398083,13,2.0711011960322634,14,-0.7569625457607412,-0.5986128369711946,
351,null,infinity,null,infinity,-0.11314414141871243,-3.7265812168859744,
352,-1.8724195226841662,6,11.148277078834024,6,-1.7827188323640821,-0.16795589199382754,
353,null,infinity,null,infinity,3.346924281185445,4.0894185092401685,
354,-1.2930975414952077,7,-7.368310153297924,7,-1.4288114002868948,0.17549418580799897,
355,1.2785167720235262,22,1.1857916351097424,21,2.121827241338554,1.07821780680654,
356,-1.755915350145474,16,1.2569656413726475,15,-0.9603512270298311,-1.3969723068845945,
357,null,infinity,null,infinity,0.28966206619202817,1.1551874014852697,
358,null,infinity,null,infinity,-0.37523554278747273,0.9149964496509361,
359,-0.9617807752508872,12,3.348273845760209,11,-0.6631123602230287,-0.2872433587842709,
360,-1.236868494236576,7,6.4852252102247245,8,-1.082667693759288,-0.1907202366169296,
361,null,infinity,null,infinity,-2.2191703798231037,4.035969115675216,
362,null,infinity,null,infinity,-1.40931428244388,0.6456519635196882,
363,2.879920460075899,9,2.104134723580527,7,3.355173611849294,1.368696984587622,
364,-1.7649450726364038,6,8.841949728193102,7,-1.6518486065621665,-0.19961048891358482,
365,null,infinity,null,infinity,-1.9603023560205433,2.5940790475293594,
366,-1.6108419102114289,7,4.625054510200079,9,-1.3946313554060823,-0.3482866333281561,
367,null,infinity,null,infinity,2.21549128243642,2.2258854507893124,
368,-2.0962689756853905,7,3.508887764530208,8,-1.8112774064445052,-0.5974161555971838,
369,2.1147188553424563,5,8.912952346236237,6,2.2269148123769917,0.23726354111524184,
370,1.3131637347020204,33,-1.018305194899097,36,0.33114049783093824,-1.2895173044901573,
371,-1.9965245280616177,46,0.6141947053112687,46,-0.36845519421122486,-3.250560048346571,
372,-1.930414049396982,6,5.652338189007671,7,-1.7534992593369183,-0.3415255902566425,
373,null,infinity,null,infinity,-1.580639594912181,0.9411512176526069,
374,null,infinity,null,infinity,-2.436093846802787,2.9788835396402127,
375,1.255337851237462,23,-1.293837027873671,25,0.48241520655033154,-0.9702456637036023,
376,1.714224930637373,25,0.8411327014043122,16,2.9030695469726973,2.0378934825293697,
377,-2.012417840993128,9,-2.6930417293544893,6,-2.3837507464919696,0.7472660445556729,
378,null,infinity,null,infinity,-2.1279362834075433,1.5771194559857582,
379,2.1582173575011887,6,5.679639424691524,6,2.334288466876993,0.37999255152444167,
380,0.9193188335016936,63,1.1771309549305085,64,1.7686830762273966,0.7808782044542331,
381,-1.7532865242681157,10,-2.1265764824189635,9,-2.2235166592594355,0.8244643144817818,
382,0.7711414365139975,29,-1.9822366892500334,28,0.26667067992613713,-0.38903677042701634,
383,2.186874788665869,20,-0.8378941534813941,16,0.9934343497654856,-2.6099458502556723,
384,-2.529678383204701,5,-9.778495798998767,7,-2.6319437007289785,0.25869811223574146,
385,null,infinity,null,infinity,-0.11274279252602515,1.6773164241469574,
386,2.054809261670252,6,-6.5811560198276995,7,1.9028599043972005,-0.31222597610890945,
387,null,infinity,null,infinity,2.090435004918418,3.9190332089396533,
388,null,infinity,null,infinity,-0.1425934800610107,-4.271581920215316,
389,null,infinity,null,infinity,0.06391013036281779,-0.7044074385421581,
390,2.4932112470445467,11,-1.4690798058030858,9,1.8125059078506291,-1.6971251783607373,
391,null,infinity,null,infinity,2.6956630591223028,1.9239260451116422,
392,2.129517648415255,25,-0.7370647626939589,25,0.7727441215492554,-2.889229087009349,
393,1.5402014943768885,7,7.100925192893573,6,1.6810303181184003,0.21690179722915942,
394,-1.699200030822359,10,-1.580678621692352,9,-2.331859914696023,1.0749877091825288,
395,-1.3494570635555896,8,3.1699612365228416,9,-1.0339896763732188,-0.42569866802565987,
396,null,infinity,null,infinity,1.8094137068770673,2.8462224244590435,
397,-2.145725574452321,50,0.5950776754429028,34,-0.4651920337362916,-3.605892005739351,
398,null,infinity,null,infinity,3.578117962085435,3.2178172082855183,
399,-1.2728094883480083,66,0.9126747553617922,71,-0.17713323910281575,-1.3945374860413184,
400,-1.5084146984972602,6,7.077214049641744,8,-1.367115024037584,-0.21313673624039503,
401,null,infinity,null,infinity,0.036639495133671485,-2.017580603698823,
402,2.136233643153013,18,-0.8175264927849161,21,0.9130340092350511,-2.6129821681312193,
403,-1.2699681306845807,7,-14.559087805028952,5,-1.3386518985849767,0.08722842990547305,
404,null,infinity,null,infinity,-0.2792060622033774,1.6278170067100683,
405,null,infinity,null,infinity,1.4379802889117381,1.726505402887387,
406,-1.787695990740678,4,-20.443150493231133,7,-1.836611627691819,0.08744716287467544,
407,-1.1037481860309488,8,5.1407132520282515,7,-0.9092246708227729,-0.21470794283189476,
408,2.1198412061671,60,-0.5309234767829599,74,0.23623397905092114,-3.9928593363669282,
409,-2.6183741203106967,7,1.418798359907425,10,-1.9135515609021483,-1.8454774470925794,
410,-2.1230647608366695,87,0.5099639245434404,29,-0.17149746665106758,-4.143425756579629,
411,1.824892816788693,13,1.1343971526520646,16,2.706402519220079,1.608694614640926,
412,-1.7918969606653705,16,1.38087696164357,12,-1.0677037465947867,-1.2976547076982226,
413,1.9440514508661613,23,-0.8124247340020878,24,0.7131787175474398,-2.392832342053387,
414,null,infinity,null,infinity,0.3366857537775845,0.3173180763914615,
415,2.9782671878140095,6,-11.645287784517034,4,2.892395470958302,-0.25574870003482575,
416,null,infinity,null,infinity,2.0878618352674443,2.2583894588916,
417,null,infinity,null,infinity,0.7514252293606547,1.5453451938458493,
418,2.8479721207557995,5,6.725936550575798,7,2.996650510052644,0.42343132619658497,
419,null,infinity,null,infinity,0.6560604220835375,1.3660708162532536,
420,-2.342658286417548,4,1.2235091207872704,12,-1.5253585344415357,-1.9146940437053337,
421,null,infinity,null,infinity,2.68641596427268,2.0437967650806708,
422,null,infinity,null,infinity,-0.019820872520604382,-1.003232096849235,
423,-1.8645916065531447,7,2.793928514687011,9,-1.5066776338149261,-0.6673726440345646,
424,2.2026644152544534,11,-1.1803884989254607,13,1.3554675983293079,-1.8660630157283256,
425,null,infinity,null,infinity,0.4364553126385533,0.12105730067724008,
426,1.75432297107334,10,-2.3906960104413013,9,1.3360391087698624,-0.7338156318888058,
427,1.682526155202908,25,-0.7157723449829897,62,0.28545398737177985,-2.35054378730882,
428,null,infinity,null,infinity,1.5138348143043365,2.522790627560878,
429,null,infinity,null,infinity,-2.234721758499524,1.3023312124135702,
430,1.2641754360910336,8,-4.366275718507478,10,1.0351498991678358,-0.289532192565847,
431,null,infinity,null,infinity,1.227053542965192,1.2507707240778976,
432,null,infinity,null,infinity,3.314691104745336,5.098941998328481,
433,1.881170889315802,25,-0.8654058623075519,16,0.7256536869471777,-2.17368916588382,
434,null,infinity,null,infinity,0.046998167511385525,-2.772889581169884,
435,-1.6711210751963936,84,0.6866381052809127,63,-0.21472639838761998,-2.433875556575982,
436,-0.8985527468328096,41,1.438845044485463,47,-0.2035215240842172,-0.6244913249984416,
437,null,infinity,null,infinity,-1.8657620623742837,2.502855587842416,
438,null,infinity,null,infinity,2.4473045238604416,2.7103747630060187,
439,null,infinity,null,infinity,-0.3097000188324879,1.3664567839336343,
440,-2.3932368613738153,16,0.8419836319726508,17,-1.205575099296773,-2.842325521056307,
441,-1.9240920896632376,4,564.9399953758948,5,-1.9223219905942877,-0.003405834435227642,
442,1.8499406549554314,27,-0.773368012587906,29,0.5569389318757842,-2.392022433080088,
443,1.4299149975624694,12,1.8968992477292699,12,1.957079694249213,0.7538152169011452,
444,null,infinity,null,infinity,0.09508404112108337,-2.4989368042711497,
445,1.9784143173885638,49,-0.6542286346066686,33,0.4499655476378237,-3.023977064419512,
446,null,infinity,null,infinity,1.112086961716662,2.9324321730523315,
447,-0.912260932146721,8,-6.691608062215677,9,-1.0617002507822915,0.1363289261083002,
448,-0.4495900521467842,8,13.943356181452762,10,-0.37787243033392626,-0.03224411138009267,
449,2.6755950531667243,10,-0.8661320857990333,13,1.5210400649135596,-3.0890783070323176,
450,null,infinity,null,infinity,0.46566628741058125,0.2926557734273815,
451,null,infinity,null,infinity,2.408615674083501,3.9593743452945076,
452,0.8235670059099316,7,-5.876320684230272,11,0.6533851423457926,-0.14014891242821675,
453,null,infinity,null,infinity,-1.463357233976014,2.5582973419152117,
454,1.3056931617190917,13,-2.0589207432414196,13,0.8199915213466418,-0.6341612265894804,
455,null,infinity,null,infinity,1.6801297633475838,0.9102246011014331,
456,null,infinity,null,infinity,0.06913589767831407,-2.769570929422061,
457,null,infinity,null,infinity,2.3494194700011835,1.6532088848000575,
458,-1.7634690051935402,21,0.7973385187207587,34,-0.5093083821778062,-2.2116277318714643,
459,-1.1776018669659678,36,1.079028295320062,44,-0.2508798197385631,-1.0913548638268802,
460,1.0407882485683022,16,1.6923011993511254,19,1.6316495743152046,0.614990012121123,
461,-1.369654196420347,13,-1.8211754646962321,12,-1.9187251653856658,0.7520619571758073,
462,-1.2281087197698086,12,2.3256226961776254,13,-0.7981252207519893,-0.5280837771479412,
463,null,infinity,null,infinity,-0.5259812908650501,1.3115616410721218,
464,1.9258714537359736,53,-0.6135512599360373,46,0.2959771280786483,-3.1390375356539058,
465,-1.9635608831141582,7,-4.556496942929034,7,-2.183024798888585,0.4309361378379017,
466,2.829615963385828,10,1.7154711895000048,7,3.4125449181278213,1.6494745908939639,
467,-1.4432882029014138,65,0.8143717077637453,62,-0.21536010049406196,-1.7721957653252087,
468,null,infinity,null,infinity,1.551992219319525,1.5447363596429797,
469,null,infinity,null,infinity,1.3290028010201476,1.6590431749584902,
470,1.0393969163205639,12,-2.738694969460369,13,0.6742682443007335,-0.37952830467011656,
471,1.287416027098418,8,1.574236782008281,10,1.922659217985447,0.8178103710974842,
472,null,infinity,null,infinity,-0.20231815793827312,0.2410234100138639,
473,2.7257444621156184,16,-0.5284503485810363,18,0.8336586427992079,-5.157465086075119,
474,-2.0231877711577506,6,23.10768059147718,5,-1.9799121683206762,-0.08755477746342577,
475,1.6222937480601192,8,10.983171249435419,5,1.7133418767089164,0.14770721098851458,
476,null,infinity,null,infinity,3.7436874062349164,3.582822494618692,
477,-2.5993285722512107,8,2.647330133235018,6,-2.2215835374745256,-0.9818679032037956,
478,-0.9294152586585053,11,3.1836990567146963,14,-0.6153087691217842,-0.29192646981679826,
479,-1.1650582973548305,92,0.9675112849934415,93,-0.13147927093222167,-1.2042304680653815,
480,1.3357047054056712,15,-2.055020702245492,12,0.8490960941817756,-0.6499757011771096,
481,null,infinity,null,infinity,-0.339474109126674,0.2267198054702195,
482,1.593077796199198,10,-1.861310609414986,13,1.0558253460825924,-0.8558948887061153,
483,null,infinity,null,infinity,-1.6791742638834166,1.0842519145781375,
484,null,infinity,null,infinity,0.7884814185561524,1.5191051993922153,
485,null,infinity,null,infinity,0.8768662072928288,2.066422572106217,
486,null,infinity,null,infinity,0.15696298690035348,-4.068473531333341,
487,null,infinity,null,infinity,-1.4108383342044655,1.7892355004192262,
488,null,infinity,null,infinity,1.9501944121235733,3.202856926230136,
489,-2.168019880989282,46,0.5639650417917619,46,-0.394949914659644,-3.844126702742828,
490,null,infinity,null,infinity,0.16121900903536757,0.013204043939409438,
491,null,infinity,null,infinity,-1.8245631736132517,2.1421866944150243,
492,0.8272140929178129,7,7.210071399418058,9,0.965904913022313,0.11472984295525814,
493,-1.7661600571997116,9,2.075006502386494,9,-1.2842236245126748,-0.8511583432898482,
494,2.315319760270036,13,-1.1379329574875363,9,1.436515507339991,-2.034683856244576,
495,0.8828925536350858,7,9.120104044427029,6,0.9925420593438461,0.09680744534032015,
496,null,infinity,null,infinity,1.2713918726014355,1.3650129369113242,
497,null,infinity,null,infinity,2.7164344288021383,2.445994430690418,
498,null,infinity,null,infinity,0.8219990414791196,1.9682668472926983,
499,null,infinity,null,infinity,1.8235782629601882,2.6923576327757703,
500,null,infinity,null,infinity,0.6985853084401472,1.2496210884643555,
501,null,infinity,null,infinity,2.7259569812730806,5.45107645342357,
502,2.0278044199364604,80,-0.5580326040828822,84,0.23570548346203513,-3.6339406136554966,
503,1.7374802116227053,17,-1.0809172085161318,18,0.8123359635497853,-1.6073859996760678,
504,-1.4089962359343036,11,-2.0318600120554526,12,-1.9011434353116141,0.693448180042727,
505,null,infinity,null,infinity,1.480924102167264,0.5610458816507728,
506,-3.2410276045093513,6,-2.2446726853909627,8,-3.6865229234002905,1.4438755240124368,
507,null,infinity,null,infinity,-0.014976820951726921,0.093220316333547,
508,null,infinity,null,infinity,2.9975596811469236,3.3829805692416413,
509,null,infinity,null,infinity,-1.6270834625044492,2.4905631007635174,
510,null,infinity,null,infinity,-0.9208725260422144,1.8510762201849134,
511,2.608577090450785,9,-1.2417361787442527,11,1.803244257242957,-2.1007534562725922,
512,0.7470674375501839,23,-2.140276098269826,19,0.27982238097087997,-0.3490485578392266,
513,-1.7491848183893564,7,3.7551345728639336,9,-1.48288089576543,-0.4658112890159666,
514,-1.8846671418702607,57,0.6533975301392662,39,-0.3541414289975062,-2.8844673798682754,
515,-2.3910549486347996,6,7.179613506589733,7,-2.251771861088831,-0.3330339834293552,
516,-1.1241129722945478,44,-1.0327406544588174,42,-2.092413024980136,1.0885218822196938,
517,1.148727009904859,20,1.4216016275239725,13,1.852174671747603,0.8080477510728727,
518,-1.3811285476123785,10,3.029759348733859,10,-1.0510742054205973,-0.45585457586651335,
519,null,infinity,null,infinity,-1.0636930600633927,1.3976155527859282,
520,null,infinity,null,infinity,1.6679014808779726,1.3569318500472936,
521,null,infinity,null,infinity,-3.7287132365489133,4.628004169144427,
522,null,infinity,null,infinity,-2.490444933124176,3.236728756793874,
523,null,infinity,null,infinity,-3.234355326410278,2.80960595265265,
524,1.805220221264579,10,-1.1726331619246135,22,0.9524605393111227,-1.5394585061505948,
525,-1.4987633573258088,9,3.5293811571528098,9,-1.2154256449945984,-0.424653016974185,
526,-1.6949378869245608,4,-13.341488302445258,8,-1.7698923107257616,0.1270426486331425,
527,1.3544539105547826,8,4.1706953137041225,9,1.5942153977164129,0.3247534652173904,
528,-2.2443729762212374,5,-5.341041936231801,8,-2.4316033950011136,0.4202125598463462,
529,null,infinity,null,infinity,-3.287325899341627,3.8094751716490745,
530,-1.5464952886797523,8,-4.29166601391682,8,-1.779502800787395,0.3603480620180991,
531,-1.504472691534619,27,1.0487940199185533,17,-0.5509677826534936,-1.4344898916241087,
532,1.7481367538151502,7,-5.95887323210197,7,1.5803206962850873,-0.2933670999107808,
533,1.4568031398585732,13,-1.8341473815881624,14,0.9115946965084194,-0.7942728200815137,
534,null,infinity,null,infinity,-2.344145018599278,1.8186664950882963,
535,-1.8767567704666093,13,1.5543066522294628,11,-1.2333747050219617,-1.2074597313741187,
536,null,infinity,null,infinity,2.1836135980168248,2.953229319142439,
537,-1.4574543082091254,11,2.0565070400734156,11,-0.9711798379634695,-0.7087027212985317,
538,null,infinity,null,infinity,1.6654467195552116,2.001631974532594,
539,-0.5271660600601424,16,-3.2455141561890386,18,-0.8352293433233315,0.16241368507450116,
540,1.468788723354418,5,7.1335356591149655,6,1.6089669214254907,0.20589850801346826,
541,1.906028734179751,24,-0.8965651828966428,19,0.7906632916046119,-2.125883344912359,
542,-0.9965955932329456,9,4.00904427568162,12,-0.7471624571140816,-0.24858800044219254,
543,1.2763990586979646,29,1.0319138816849482,29,2.2454687807112794,1.2369564921478535,
544,null,infinity,null,infinity,0.05817402104976077,-3.2784799431575498,
545,-1.2218047665015899,16,1.8427121180778303,15,-0.6791308432890819,-0.663056294755853,
546,-2.1543262250957085,21,0.7134268753713069,15,-0.7526909140154663,-3.0196447618168896,
547,-2.5067788688359594,14,-0.9398100882138756,11,-3.5708272696928294,2.6673812720093784,
548,-2.1273877150706157,62,0.5560275206893897,48,-0.328828992880839,-3.8261485609187855,
549,2.3571799538540392,34,-0.5356842592915958,35,0.49046859939791076,-4.400095874284449,
550,null,infinity,null,infinity,-0.7134751737678764,1.0015265280856331,
551,null,infinity,null,infinity,-0.17973279857631352,0.7276271657354387,
552,null,infinity,null,infinity,-0.4756723254157462,2.9879995627458693,
553,null,infinity,null,infinity,0.2988820148357867,1.71791885109552,
554,null,infinity,null,infinity,-0.16955367867008064,1.5578786910253126,
555,0.6736079214320422,33,2.324307175042321,9,1.103796637812283,0.2897925197324479,
556,0.9495318749910042,27,1.4074344527259313,28,1.659988885235264,0.674631884193353,
557,2.5682604570355734,5,-3.546290385087865,9,2.2862725290119834,-0.7242097939659851,
558,-0.6462223626977077,9,-6.78968707574908,10,-0.7935008451395138,0.0951765841185287,
559,null,infinity,null,infinity,-1.5265563945520682,3.021057585578124,
560,0.7775427701610258,41,-1.5865720818956681,54,0.14726503200230256,-0.49009695048303054,
561,-1.152893240895033,7,7.689839705877231,8,-1.0228502959850694,-0.14992404119736047,
562,2.072242068949476,9,-2.588987619203818,8,1.685989066716418,-0.8004043046183502,
563,null,infinity,null,infinity,-3.40924197761969,6.7006305478044474,
564,null,infinity,null,infinity,1.1740735523904733,1.3509480551206403,
565,0.8607190767346828,12,2.0223499450700944,20,1.3552231748655923,0.42561453202906985,
566,null,infinity,null,infinity,-1.4082322084405905,1.4659495574998223,
567,-3.1225178797672606,6,1.4323399386796238,9,-2.4243650209717265,-2.1800210680357126,
568,1.490968561298258,13,1.4717131998070054,15,2.170429643305871,1.0130789278308305,
569,0.9876921997287413,28,-1.6176960362482482,22,0.3695055622456991,-0.6105502681256368,
570,null,infinity,null,infinity,-1.56285061982992,1.1077466682799852,
571,null,infinity,null,infinity,-1.9719565265012418,1.2677808144136362,
572,null,infinity,null,infinity,1.962987369365369,2.7490480881730432,
573,null,infinity,null,infinity,0.4716669857038376,0.6799891724107238,
574,null,infinity,null,infinity,-1.9039243672182757,2.9215346677618883,
575,0.6548522002809143,85,-1.742669798145299,74,0.08100498904650477,-0.37575793707645516,
576,2.7274775157906213,11,-1.3043799738282091,8,1.9608308666669672,-2.0910005459803567,
577,1.9027231975801426,16,-1.3926107032808133,10,1.1846374222467526,-1.3663036774595652,
578,-1.7164149311893613,12,1.3870939644689464,16,-0.9954672098348016,-1.2374216913630607,
579,2.037105916037825,34,-0.6442232714330188,39,0.4848220328838999,-3.1622319498478735,
580,2.7061739371038884,5,-2.997068186156085,6,2.372514747951034,-0.9029406891426318,
581,-1.1036557296503302,8,-5.157803740465104,8,-1.2975387385450539,0.2139780649279925,
582,null,infinity,null,infinity,-3.606782603697622,5.061799227843339,
583,-1.4609605467602722,17,-1.224745723854851,16,-2.277443602077651,1.192874199764202,
584,-2.770675252174503,7,4.4438142295229675,4,-2.545643966266411,-0.6234909848189172,
585,-1.6946148224450561,36,0.8223635555857224,31,-0.478599697970052,-2.060730451730943,
586,-1.655461765715594,16,-1.260905037151642,12,-2.448548369328591,1.3128987062232822,
587,-2.2917695791501607,5,-1.813304620451018,9,-2.8432418392758585,1.2638623907430366,
588,1.4432366779875094,9,2.8839369215058723,9,1.789974331156159,0.5004367458312009,
589,1.2789677718630639,15,1.2146323563251793,27,2.1022871567265335,1.0529692713909582,
590,1.6045561014023368,11,-2.0738520515243253,11,1.1223504943295426,-0.7737073957834898,
591,-2.5608279551840534,14,1.3016300393182687,7,-1.7925563724745248,-1.9673907325697333,
592,-1.750989438920346,47,0.739595601775534,30,-0.39891658040161726,-2.3674077590195677,
593,-2.0569227138234134,12,1.6101665046687987,11,-1.4358708747254623,-1.2774653080023755,
594,null,infinity,null,infinity,1.4292367370730665,2.036821217659142,
595,null,infinity,null,infinity,-0.43867568550680724,0.1703090795841049,
596,null,infinity,null,infinity,-2.9104682007370712,2.268872015231791,
597,null,infinity,null,infinity,0.4089616412205892,0.08272951191793354,
598,1.9541475950698837,5,-8.275297935760003,7,1.8333074595808863,-0.23614241950208031,
599,-1.3374285102774723,8,-3.9955513818039905,8,-1.5877147663194577,0.33473074095167304,
600,-1.9440267124769286,8,-4.075258438717931,4,-2.189405889918636,0.4770310945300279,
601,2.0432621353341114,76,-0.566499369882464,60,0.2779512330851217,-3.6069153781506396,
602,null,infinity,null,infinity,-2.8774498148301006,2.3591548596316736,
603,-1.2147378651830507,46,1.0550170951574718,47,-0.26688662124837004,-1.1513508944429662,
604,null,infinity,null,infinity,1.0775121692434197,1.5216830694085717,
605,2.487657722843939,12,-1.3352740136138028,9,1.7387498475786525,-1.8630408652393038,
606,1.3409004153102053,11,-2.445019986209882,12,0.9319084607668091,-0.5484238176558716,
607,null,infinity,null,infinity,-0.4215237087347261,0.503486159295543,
608,null,infinity,null,infinity,-0.6027146110689094,0.10330806076074062,
609,null,infinity,null,infinity,-2.895901968517756,2.341813206856794,
610,null,infinity,null,infinity,-1.80530199962466,1.1738777626539523,
611,-1.5269551354718067,5,-18.554480652475352,6,-1.5808492924817363,0.08229570139443323,
612,2.7795987745488664,5,6.324527463112956,7,2.9377124816061917,0.4394950074156212,
613,null,infinity,null,infinity,1.2816784623082693,1.577810651529464,
614,null,infinity,null,infinity,2.625273192224913,3.3667811372509147,
615,1.0284145233911381,18,-1.91964252330852,18,0.5075009879247943,-0.5357350345916275,
616,null,infinity,null,infinity,-0.9743177525204838,1.4434580723927124,
617,1.8023536381200786,3,-6.796447816901721,6,1.655218993276458,-0.26519077918470824,
618,null,infinity,null,infinity,-0.7670574609106828,0.996677614402837,
619,-1.4099347375149556,8,1.461709742098374,19,-0.7257925518586261,-0.964563066264026,
620,null,infinity,null,infinity,-1.3232857213733755,0.7417441442249597,
621,null,infinity,null,infinity,-0.0031528800461511075,-0.8293611407256178,
622,null,infinity,null,infinity,-0.1328654185038669,-2.7584235997600306,
623,1.598627130096564,20,-1.1871159419066677,15,0.7562451879836414,-1.346622818403533,
624,-2.012865296040387,6,5.930667361815321,6,-1.844249585784711,-0.3393994213011292,
625,-1.6993081786134134,7,9.090855658842344,6,-1.5893071116735848,-0.1869249265898244,
626,null,infinity,null,infinity,-0.20618533854521903,1.3619888177085624,
627,null,infinity,null,infinity,1.0561123452515,0.6459667659547934,
628,-1.0018325801170358,21,1.7512605852059848,22,-0.43080430485294174,-0.5720486647556076,
629,1.2924846151443485,5,65.54182513658873,6,1.3077420324417042,0.019719997072921325,
630,null,infinity,null,infinity,-0.6968498574825981,0.30834528392584915,
631,-2.178198711782438,4,95.16882054789836,5,-2.167691212258482,-0.022887736161563033,
632,-1.8893279830159397,9,2.648765305290799,9,-1.5117909434684917,-0.7132873315134705,
633,2.19121959053963,13,-1.2832414936887528,10,1.4119404741107426,-1.7075858900670453,
634,null,infinity,null,infinity,-1.6515731124091242,1.3403052172112095,
635,null,infinity,null,infinity,-0.17893529299519795,-2.222480023274387,
636,-1.7955588346600795,9,2.5074726813829273,9,-1.3967554075417743,-0.7160840890044453,
637,-2.1378298211599387,5,-15.474226272995194,6,-2.2024527955630293,0.13815419408571483,
638,1.899004251803993,83,-0.5942385205528651,86,0.2162151467559843,-3.195544375866744,
639,-1.3039817326713032,9,-3.260420435968367,9,-1.6106814821961142,0.39994137207289193,
640,1.4760500697558807,5,-15.104115390204633,7,1.409842737415413,-0.0977250129629138,
641,null,infinity,null,infinity,-2.042262128246657,1.1884045257875457,
642,1.826843192602766,94,-0.625353380069508,65,0.2277854511401789,-2.921154205150156,
643,1.8679004067849987,14,-1.3351933944378829,13,1.1189463878497894,-1.3989554242650197,
644,null,infinity,null,infinity,-1.0743292316913196,0.44335096236903515,
645,-0.6826572443432432,75,1.7032034368566682,78,-0.09554175849741764,-0.4008252117892095,
646,null,infinity,null,infinity,-0.5282251891328378,0.9703894823131035,
647,-1.5853935020521088,21,0.9924586761519145,19,-0.577760118854795,-1.597450337608186,
648,null,infinity,null,infinity,-2.5611856443852843,3.2152909467194233,
649,2.424100130165355,6,-8.027467064508096,6,2.299528004897734,-0.30197565370791946,
650,-1.5741674792130016,36,0.87541987249248,36,-0.43189731935851094,-1.7981758316159064,
651,2.588298160397329,9,-2.5021145643600353,6,2.188634993189264,-1.0344422835231726,
652,null,infinity,null,infinity,0.28731819671655634,0.1240041553429404,
653,null,infinity,null,infinity,-1.383006076915938,1.0936630596447938,
654,-1.174842480893389,8,-2.7621953060989157,10,-1.5368631282178775,0.4253271415086098,
655,-1.1280901351208266,19,1.6927307490728558,19,-0.5373096869326033,-0.6664277805729953,
656,null,infinity,null,infinity,1.6699774003505201,0.8837765036457069,
657,null,infinity,null,infinity,-0.6632664415001668,0.31968492068236565,
658,null,infinity,null,infinity,-0.7438901720625513,0.49345353700411154,
659,null,infinity,null,infinity,0.15331568333310575,0.5383617924383944,
660,-2.5458910632017684,41,0.49159450947453637,42,-0.5116219275559741,-5.179115093663354,
661,-1.5499329091731135,7,-3.561813310176087,9,-1.8306910622151142,0.435153124155028,
662,null,infinity,null,infinity,0.05678431080744861,-1.4631635200072775,
663,-1.0472426700426911,42,1.2173039010101663,53,-0.22574899994621056,-0.8602663832910393,
664,-2.0700102015578774,24,0.7750461013275819,20,-0.7798114661442175,-2.67078036428404,
665,null,infinity,null,infinity,-1.6879303902048068,2.8501700485973913,
666,1.2632601575250535,10,-2.5713647646800504,13,0.8743696879659084,-0.49128416455518853,
667,null,infinity,null,infinity,-1.7842058006537105,3.8904501728441976,
668,null,infinity,null,infinity,-3.1762993664234576,4.594863660106275,
669,-2.259743090350267,11,1.003779444382377,13,-1.2634933515558275,-2.251244979327871,
670,-0.4134704566089023,7,-20.473585773369564,8,-0.46231254812415257,0.020195250756089037,
671,null,infinity,null,infinity,-0.4522199006677696,0.3023967927255795,
672,1.6747968608422492,22,-0.9988300078084978,19,0.673620263320744,-1.6767183847169198,
673,1.1427865694476673,20,-1.5724426839491832,20,0.506855812231406,-0.726760545039443,
674,1.106863391252004,14,-2.1725619086268315,15,0.6465882946793031,-0.509482912452323,
675,-2.4627520049501506,7,3.158898902526054,5,-2.1461910349751085,-0.7796245833269477,
676,null,infinity,null,infinity,0.5281085636251706,1.3319094329791927,
677,1.2429239919871733,7,-8.851763527062172,8,1.1299514101795354,-0.140415317581718,
678,2.617808174786451,12,-0.9405690558137052,13,1.5546168644595744,-2.7832606765824917,
679,1.4368197529085416,10,-2.940314003362249,10,1.0967247365429649,-0.48866257632519233,
680,null,infinity,null,infinity,-0.47292701301041085,1.6002355301508047,
681,1.3213317960301898,9,-2.597445156245804,13,0.9363293244585611,-0.5087026186269934,
682,null,infinity,null,infinity,-0.617071445885025,0.36092102683735616,
683,2.1629247818613244,21,-0.8713983017398412,16,1.015343755116235,-2.4821756693625696,
684,2.404694354297072,7,-0.8452825535780053,13,1.2217084564779581,-2.844837600721754,
685,1.6118553687460828,7,-8.38409341369616,6,1.4925809778368997,-0.19225146425925543,
686,null,infinity,null,infinity,-0.9345445977834821,2.1598316125910904,
687,1.8595858906046112,14,-1.2389287173065937,15,1.0524335100460087,-1.5009446547549883,
688,-1.7461024611656486,47,0.723877501869495,37,-0.36471203587089907,-2.4121120312634017,
689,null,infinity,null,infinity,0.04495669623842291,-1.8047530426548306,
690,null,infinity,null,infinity,-1.5746780596854513,0.8188226361697237,
691,-2.198698821691208,8,1.9506518191812194,10,-1.686059427844715,-1.1271605326222986,
692,1.4004235686284152,42,-0.9567348224384906,33,0.35520415889762047,-1.4637989248754877,
693,null,infinity,null,infinity,-0.005780877943418972,1.4139620505780448,
694,2.619386645515863,5,-2.9684987222096555,9,2.282511225112913,-0.882393344488984,
695,null,infinity,null,infinity,-0.44053055773665273,0.06742701879289015,
696,null,infinity,null,infinity,0.6562596591485441,1.5162511556914724,
697,1.8980216306181446,9,-2.0149721875566837,9,1.4017469762488286,-0.9419614631354997,
698,1.3012363865234229,9,3.429944111387075,10,1.5927810555106516,0.37937416272285873,
699,null,infinity,null,infinity,3.2240111821965383,4.043361150985399,
700,0.777783154890544,7,-8.158437690999454,10,0.6552088315193632,-0.09533456423763059,
701,2.4554593656104293,15,0.9333294023480768,12,3.526888155932393,2.630883695700866,
702,2.0664032293766845,7,-2.2293009662480725,8,1.6178297188601354,-0.9269245194653981,
703,-1.4806494602098084,27,1.0509245657963526,23,-0.5290782312694327,-1.4089042171000326,
704,null,infinity,null,infinity,1.4965480559172284,0.5855669605400305,
705,null,infinity,null,infinity,-0.604436282797848,0.3475021797830373,
706,-1.1851035074345246,12,3.207053712632798,9,-0.8732874818608196,-0.3695288349467629,
707,null,infinity,null,infinity,0.2761507665108005,0.2978865389586165,
708,-1.0325497181303067,11,-2.5133014287546005,10,-1.4304424835118175,0.410835021054792,
709,null,infinity,null,infinity,-1.599878806550147,3.358356783516595,
710,1.623383658900976,26,-1.0051806215519552,22,0.6285068746652849,-1.6150205314443653,
711,-0.9202152122613505,18,2.155447189551581,19,-0.4562806933284289,-0.42693212104159084,
712,null,infinity,null,infinity,1.7565913595122593,1.708635168732312,
713,null,infinity,null,infinity,0.930437964440411,1.7709118779157957,
714,null,infinity,null,infinity,-2.363770834601843,3.6730416152204675,
715,-1.8180645238325959,22,0.9341026001682223,22,-0.7475505426829225,-1.9463030473231815,
716,-1.8145174627614267,6,1.8970512008698974,9,-1.2873803247061546,-0.9564856298597048,
717,0.8415985162779138,9,5.136531538267427,9,1.0362749741685162,0.16384433421530653,
718,-2.3721444999460015,17,0.7495325921228172,18,-1.037999387378469,-3.164745631439975,
719,null,infinity,null,infinity,-2.3660579943683704,2.088551562861882,
720,1.3969439022920913,6,-4.526379573914566,11,1.1760184893500365,-0.30862331894903733,
721,null,infinity,null,infinity,1.1208802610537343,3.109461992405975,
722,null,infinity,null,infinity,0.04346276244605907,0.5356702132964525,
723,null,infinity,null,infinity,-0.6181945469624499,0.18623293055890888,
724,1.9605580233185056,6,2.85673552290215,10,2.310611875617482,0.6862936437273401,
725,3.206029642619905,6,-1.8512094305337308,7,2.665842240869473,-1.7318634450801573,
726,1.1499374257573878,8,6.600246281246004,7,1.3014442210633432,0.1742261198157038,
727,null,infinity,null,infinity,-0.10786574355254874,0.9917915589554314,
728,null,infinity,null,infinity,-2.9210383382752863,3.9947970174715035,
729,null,infinity,null,infinity,0.9871935172661774,0.77078052864481,
730,null,infinity,null,infinity,-0.471123795039329,0.854545637277529,
731,-0.617013340753787,7,6.568248869185231,14,-0.464762551900864,-0.0939382359693452,
732,1.1632854077716677,14,2.0676137419987017,12,1.6469098523294052,0.5626129247177643,
733,null,infinity,null,infinity,0.022764266214456264,-0.45301640721591363,
734,null,infinity,null,infinity,0.3109585144218583,2.531709208602397,
735,null,infinity,null,infinity,-0.041382962073318375,-2.464418382633615,
736,null,infinity,null,infinity,-0.18063147468817053,2.8144317447030125,
737,null,infinity,null,infinity,-0.849214448004008,0.4604206937243225,
738,-0.6446113084790485,9,8.251912206610905,9,-0.5234238908718654,-0.07811621111694812,
739,-2.1230256740243463,9,1.837465386649899,11,-1.5788033842997868,-1.155408369684985,
740,null,infinity,null,infinity,0.5073614923589282,0.32841825929486523,
741,null,infinity,null,infinity,0.039743170788693494,0.012249354536869698,
742,null,infinity,null,infinity,1.5809644977197346,1.0065797266246947,
743,null,infinity,null,infinity,0.15880015293436855,-5.251508132592357,
744,1.877692467593709,5,2.8684140313420152,12,2.2263149821253467,0.6546096332965833,
745,1.1769876799414771,9,2.836821759112353,12,1.5294808893578367,0.41489249426929353,
746,-1.972440940579972,25,0.7183799078546116,31,-0.580374210937824,-2.7457164043681552,
747,null,infinity,null,infinity,0.780879931681854,0.17571806620571254,
748,null,infinity,null,infinity,0.6255989552968284,0.25698519204998727,
749,1.4469903345743391,23,0.9119760529995132,33,2.5435545093646623,1.5867625172931348,
750,null,infinity,null,infinity,-1.4265045947827732,1.2475590667025518,
751,-0.9406660781131269,12,-2.771237498151788,13,-1.3015045520439337,0.33943636990969234,
752,null,infinity,null,infinity,-0.9506822597462041,0.6407130840342798,
753,null,infinity,null,infinity,-2.9671655076840575,5.814490248567922,
754,null,infinity,null,infinity,2.9853569527234822,3.6873150030053603,
755,1.1317812533967397,10,2.213437434442927,15,1.5835417996666812,0.5113138777225035,
756,null,infinity,null,infinity,2.128351360241941,3.1751927449616804,
757,1.4836105375308077,11,-1.8752744061486535,12,0.9503601849913861,-0.7911517024598943,
758,null,infinity,null,infinity,-2.432490396674382,1.7840807335520745,
759,-1.8044053441089736,14,1.5068378857577922,9,-1.140771487257501,-1.1974891710509434,
760,null,infinity,null,infinity,0.40364653877086765,1.6062675244159164,
761,-1.7778807067242381,23,0.9658771278909316,20,-0.7425570368601249,-1.8406511298219927,
762,-1.4099239929334018,64,null,null,-0.15931720145177453,-1.7631995373511806,
763,1.5431262881473367,60,-0.7568282018326375,45,0.2218073153254556,-2.03902681042868,
764,null,infinity,null,infinity,-2.0192426763638625,1.5148646512299475,
765,1.344669234584213,10,-2.606516581379519,8,0.96102014118852,-0.515888113699409,
766,-1.9998606611562861,23,-0.7163927645136109,17,-3.3957968343048983,2.7917450468671072,
767,0.5124615958052419,22,-3.1355684365445415,29,0.1935516018494372,-0.16344015562684724,
768,-1.1316795460333882,11,2.879247985701955,12,-0.7843632399238007,-0.3930444230652061,
769,1.5980971910547799,10,1.7118278840496688,14,2.182257979034477,0.9335601068831989,
770,-1.8212835823028266,9,-1.8474116816056612,11,-2.3625897521907633,0.9858579197820024,
771,2.0164515998870027,24,-0.7634491810601259,6,0.7069842491438019,-2.640522049573431,
772,-2.6828143176286674,12,0.8972435539344836,6,-1.5683227115169518,-2.9900427311952695,
773,1.4782405092231472,6,-4.50790911492248,7,1.256405514454228,-0.32792073947354167,
774,null,infinity,null,infinity,-1.5676778199182397,0.8368193615733861,
775,2.501163918018283,8,0.8202244736819715,16,3.720356347561328,3.0494596377615477,
776,null,infinity,null,infinity,0.6680020720384823,0.6640388532663523,
777,-1.5497545614043728,12,-1.7054885725441236,12,-2.1361017921486347,0.9086820774358575,
778,null,infinity,null,infinity,-0.0424474951972722,-3.4510370473555354,
779,null,infinity,null,infinity,1.864375833851636,1.3678530860475764,
780,null,infinity,null,infinity,1.4590061217876884,2.1962738017397316,
781,0.9642513154952114,49,-1.2960964730496891,42,0.19271110131964697,-0.7439900296372701,
782,-2.020249876663547,8,-1.9001122086885376,7,-2.546524736169192,1.0632270010213971,
783,-1.8459627144486805,15,1.0350361804183197,16,-0.8798142722431481,-1.783439388252708,
784,-1.5387726647477966,16,-1.225352126876692,16,-2.3548531980823317,1.2557865172242177,
785,1.019121209521931,85,-1.1272437064139,65,0.13196232648636208,-0.9040794284755983,
786,2.3738053855002166,5,-8.683392113465544,7,2.25864158723269,-0.2733728906693613,
787,-2.5078792962305876,4,27.418051441309544,6,-2.471406895182237,-0.09146817832150322,
788,null,infinity,null,infinity,-2.7850143774108873,3.3865921623736996,
789,1.1901422430642772,19,-1.4422012779990212,26,0.4967673187638679,-0.8252444898230593,
790,1.7755731298532966,25,-0.9024543109231518,23,0.6674458111389221,-1.9675129455266414,
791,1.718012259209735,8,4.705147007079896,7,1.9305470768557758,0.36513483803770974,
792,1.3981360444782656,90,-0.819895177148971,61,0.17847845929879025,-1.7051877908119266,
793,2.3595695381920216,6,-13.293112721026256,5,2.284341234614217,-0.17750305688998047,
794,2.6580019987468515,12,-1.1919395233423202,8,1.819041005606906,-2.2299770604814704,
795,-1.6435375262557397,9,2.615070868825923,9,-1.261132491334633,-0.6284866459666569,
796,null,infinity,null,infinity,2.471517119400042,1.9516401726215626,
797,null,infinity,null,infinity,-0.038646732685146734,-2.1379687627510746,
798,2.3457134525132957,8,3.6792374985371863,6,2.6175052833978656,0.6375537916994819,
799,null,infinity,null,infinity,0.7412239344752249,2.0678263303064193,
800,-1.7969116563845344,13,1.4521831235480205,13,-1.1082798303811905,-1.2373879286467264,
801,2.2103463938106183,28,-0.7003627020321973,19,0.7825300598070744,-3.155898581992261,
802,null,infinity,null,infinity,1.6832578167841898,1.8779253498513355,
803,1.7144105686713274,9,4.546343629766642,6,1.9343633032712555,0.37709574296412673,
804,1.526930738542684,12,-2.1670340899209446,11,1.0654737994255852,-0.7046218465271428,
805,null,infinity,null,infinity,0.1405091086969268,0.7196813199256823,
806,null,infinity,null,infinity,-1.6642751991942704,0.7511482466664309,
807,-1.3388485726249884,7,-3.682566542745322,9,-1.6104107648095356,0.3635671263162307,
808,-2.0727037944021514,8,1.9270469369413565,9,-1.5537768028995624,-1.07558903024188,
809,null,infinity,null,infinity,0.9469419805946049,0.29664388084981086,
810,1.5254414657049788,22,-1.0891015264809822,23,0.6072554225796871,-1.4006759267912234,
811,null,infinity,null,infinity,3.149490106776704,3.599459002590372,
812,null,infinity,null,infinity,-1.6559868132064253,0.696533412422145,
813,null,infinity,null,infinity,1.0448483540713087,0.34694607818018164,
814,1.374334845401041,23,1.0941449950209323,20,2.288288075082686,1.2560413559777475,
815,-1.7025774054697054,19,1.1648570675408798,17,-0.8440823063670226,-1.4616315144448944,
816,2.1987812044820867,20,-0.8247471530813137,13,0.9862796166975651,-2.66607140686552,
817,null,infinity,null,infinity,-3.3477807220918416,3.803313708098622,
818,null,infinity,null,infinity,-2.9962338402460795,5.3094753642709955,
819,-2.5446440985639147,13,1.326497267737838,6,-1.7907844043900765,-1.9183355455831916,
820,null,infinity,null,infinity,-2.3901101109941982,3.4578111548037347,
821,-2.0974661896544724,6,-15.229103383586937,5,-2.1631294602931677,0.13772746232897382,
822,-2.1947227960692755,8,-2.064075459050966,10,-2.6791958664295183,1.0632950814655366,
823,1.5882814518020194,8,2.699568628057388,10,1.9586977425537069,0.5883428783728863,
824,-1.6918357431833846,35,0.7835407702967648,38,-0.4155655802034346,-2.159294093888071,
825,null,infinity,null,infinity,0.022546621699090608,0.625367264498784,
826,null,infinity,null,infinity,-1.112396497428361,0.5506262703040572,
827,null,infinity,null,infinity,-3.0756226021541835,3.7404171014674805,
828,2.757832853038808,7,-5.233745045215793,5,2.566767717540483,-0.5269332614990372,
829,null,infinity,null,infinity,-0.47372624636094374,0.44820426349156695,
830,null,infinity,null,infinity,1.6036190598552924,1.407257527638001,
831,-1.8038809000414937,40,0.7386413467222208,29,-0.45005524761384175,-2.4420729710856692,
832,-1.6651137817763328,11,-1.5429483000465538,12,-2.3132012773964687,1.0791717874063493,
833,1.6436555354989317,10,-1.9354217217785654,12,1.1269636721036798,-0.8492483379018976,
834,-1.4642505169862305,90,0.7780401127340101,76,-0.1790252279998441,-1.8819510328569582,
835,3.1238336669511098,4,6.12878479896068,7,3.2869962680655953,0.5096984260045527,
836,2.5099453711887825,11,-1.3415589533403933,9,1.7645326727220758,-1.8709169067743772,
837,null,infinity,null,infinity,1.6652669537131142,0.7671947810055579,
838,-2.081966287952483,6,-2.9333632243681835,7,-2.422870447667753,0.709754244062212,
839,-1.1164406473493351,35,1.2092650904595639,32,-0.2894870306903563,-0.9232066355256425,
840,-1.2319587920099562,7,-4.769078489654659,8,-1.4416386049915815,0.2583214249352631,
841,-2.0419775088487824,9,-3.529223294846727,6,-2.3253230048453744,0.5785911506504897,
842,null,infinity,null,infinity,0.858793695896066,1.3130093800754736,
843,-1.7897084832175838,9,-1.835840492745817,8,-2.3344115424462974,0.9748714852971486,
844,-2.243076720033602,24,0.7766004815611789,13,-0.9553950548855448,-2.8884070321428594,
845,2.124221544415309,17,-0.9256584522115634,17,1.043882673056756,-2.2948441502418864,
846,2.6447649067787333,6,3.963057373906602,7,2.897094545618991,0.6673550944571589,
847,null,infinity,null,infinity,0.4454083771845143,0.8288717074714131,
848,1.5875629661191817,14,-1.1637966236264636,21,0.728302268972282,-1.364101668685398,
849,null,infinity,null,infinity,-1.2896270380308112,1.791711718479018,
850,2.5162071328048454,4,-45.01569929918005,6,2.4939926413664235,-0.055896212944059,
851,1.367041819922729,11,-2.7280970601202106,10,1.000477816273822,-0.5010934386657562,
852,-1.2403498383853204,24,-1.2912872716547938,15,-2.0147480996092697,0.9605531217691355,
853,1.371800509311184,29,-1.0136718843703638,36,0.38528945733249476,-1.3532569262106993,
854,-0.7957209195125975,9,5.69271318442374,10,-0.6200521249494626,-0.13977768206907876,
855,-2.1795883487067154,28,0.7359975093257374,19,-0.8208990663613704,-2.961338138235741,
856,null,infinity,null,infinity,-0.5646960537946462,2.560963242503124,
857,null,infinity,null,infinity,2.3095304393210707,4.260186452573772,
858,2.335750357131348,7,3.7440505052179365,7,2.602835353769396,0.623855267754588,
859,0.7815119836384423,9,4.595524261083749,11,0.9991086399029561,0.17005825707443722,
860,0.8400370144647904,23,-2.027899695753525,23,0.346900021121773,-0.4142379688854283,
861,null,infinity,null,infinity,3.041104212582777,3.2646434782050213,
862,null,infinity,null,infinity,-0.051888731000334865,-1.3361615160227056,
863,null,infinity,null,infinity,-0.04916244878812259,-0.9968729393413338,
864,null,infinity,null,infinity,2.072865066158923,2.4253959057642724,
865,-1.936171856032425,21,0.8264856896821943,27,-0.7262673840550518,-2.34263134324234,
866,1.614646270965162,41,-0.8167439831474737,41,0.3902293678893751,-1.9769519487593754,
867,null,infinity,null,infinity,0.3313581890399515,1.983693174904304,
868,-1.0589220967263941,12,-2.360404787608237,13,-1.4825520487493185,0.4486097259734727,
869,1.965308883188894,8,-3.5893174417876956,7,1.6867048809007041,-0.5475450207201806,
870,null,infinity,null,infinity,-2.424693582674685,1.5260292443109096,
871,-1.0226218574760064,9,-2.721500616767085,13,-1.3900461433945135,0.3757513827040904,
872,2.1188048542312816,9,-2.0653152060890276,10,1.6346124713312857,-1.0258945762505134,
873,-1.6502844690243652,11,2.099698111593587,11,-1.174019532031263,-0.7859620673641128,
874,1.9227752198102048,8,2.42566619285508,8,2.335038508519052,0.7926806569627147,
875,-2.075970173080226,17,1.110083148944877,13,-1.1751511790161624,-1.8700936023446972,
876,1.832605192857913,5,8.001539732121369,7,1.957578616695245,0.2290312611883512,
877,null,infinity,null,infinity,-2.9834569733062146,2.5498716673426856,
878,null,infinity,null,infinity,0.23186730804190026,1.215841344178225,
879,2.8331124959441483,8,-1.2166596789815176,11,2.0111872314311925,-2.3285857901686207,
880,1.4095428456123036,80,-0.8000517384164911,85,0.15961346198066106,-1.761889110291425,
881,1.9467852291914254,59,-0.6094796590218816,54,0.3060040487763196,-3.1943234380971717,
882,null,infinity,null,infinity,-1.8646045195515373,1.6090606543316608,
883,2.5482039176876414,9,-1.126189768934849,12,1.6602611049888019,-2.26269806254039,
884,null,infinity,null,infinity,1.6460720314038237,2.547893611430591,
885,null,infinity,null,infinity,2.4394559163082126,3.301232785082627,
886,-0.6188690355155695,34,2.2276667560635914,40,-0.16994663134869148,-0.2778037617272726,
887,null,infinity,null,infinity,1.209989227111639,2.114707812656982,
888,null,infinity,null,infinity,-1.8223113829177655,2.260043405875234,
889,null,infinity,null,infinity,-1.1344239859555434,0.3691127322439801,
890,1.5129735258111052,30,0.876419394648595,26,2.6540142498377732,1.726416548943034,
891,null,infinity,null,infinity,1.5666456560193036,1.8496187133011526,
892,1.3451055067321158,25,-1.2194929267284162,23,0.5251173583531732,-1.1029987387056974,
893,2.1457032794235573,10,1.5916443117143884,11,2.7739795811297707,1.348106106231387,
894,null,infinity,null,infinity,-0.8306388528388835,0.5026531131346301,
895,2.366109958223322,6,3.427818116000906,9,2.657838009583102,0.6902664993546435,
896,-1.444475806128068,10,-2.494918705775082,10,-1.8452759509589263,0.5789625458117188,
897,0.9753365999556222,7,5.305286979772724,10,1.1638238652798316,0.1838417832312045,
898,null,infinity,null,infinity,-0.1364976042122552,-3.418560743412291,
899,-1.5642475900799746,13,1.7212613405022896,13,-0.9832637499949519,-0.908777637234292,
900,1.6264361804856333,7,3.1329535931081627,8,1.9456260732321908,0.5191379875931341,
901,null,infinity,null,infinity,2.9436610164173995,2.199783551842126,
902,2.233007528193126,21,-0.7400744450462475,23,0.8818376322305319,-3.017227183863829,
903,1.3498511438678276,5,20.96373912384873,6,1.3975508338005285,0.06438972816204547,
904,-1.652320554226013,9,-2.4408241463330076,10,-2.062015656141539,0.6769527753059303,
905,-0.8290053787921227,7,-9.220359184845945,8,-0.9374578364462263,0.08991001198024229,
906,2.0047932182148784,22,-0.8243150584629458,21,0.7916740281543269,-2.432015877667677,
907,null,infinity,null,infinity,0.4222617172007479,0.2038833908714931,
908,0.8200806905223139,74,-1.41333294753172,79,0.11254372741651641,-0.5802693332597049,
909,-1.093849147088728,8,-4.277376456477228,10,-1.3276294112469862,0.25572738926191796,
910,null,infinity,null,infinity,-1.622607827392819,1.6059251733376794,
911,0.9831590502196652,38,-1.380092827474016,38,0.25859648844026584,-0.7123887673351956,
912,null,infinity,null,infinity,-1.7985754821784146,0.9704571052246856,
913,2.2427544240227437,14,-1.0854874301117146,11,1.3215051306671737,-2.0661615132096722,
914,-1.6622198415814127,26,0.8856789428450473,31,-0.5331380396948187,-1.8768311016491264,
915,-1.8054881254618858,6,7.4212211255915,7,-1.6707410021635507,-0.2432874572288077,
916,null,infinity,null,infinity,0.5301629924429889,1.2015877251381926,
917,-1.7050248295270005,20,-0.8965776236952258,22,-2.820385586311,1.9017687957980938,
918,null,infinity,null,infinity,0.789109022412672,0.62668268683684,
919,null,infinity,null,infinity,-0.9475921103856102,2.5900076935968928,
920,null,infinity,null,infinity,-0.10899716153941297,0.3330210950290069,
921,-1.9351501062288692,16,0.8137423621347328,20,-0.7062205410683449,-2.378103553133622,
922,-1.6189138648744856,10,2.0740346182797094,12,-1.136769671088945,-0.7805636135582006,
923,null,infinity,null,infinity,1.6133852142912288,0.9047003568997755,
924,-2.3865994168239024,13,1.1989910150062744,10,-1.5525641597832394,-1.9904917850432142,
925,null,infinity,null,infinity,-0.12415234273229325,2.840746859100654,
926,null,infinity,null,infinity,-0.08143960693236796,-3.409830784200895,
927,2.805993108276989,11,-0.9631117827453523,12,1.7676947043873659,-2.9134246487160906,
928,null,infinity,null,infinity,-0.33000680152923856,0.7860420578968639,
929,-2.0977987848056383,11,1.3911205403840439,13,-1.3789636241073153,-1.5079848978513843,
930,-1.199315063084757,5,22.02591348810196,7,-1.15391293527447,-0.05445013709473395,
931,-0.6942350136697727,16,2.7067179294898445,18,-0.32476951167505685,-0.2564828652057507,
932,null,infinity,null,infinity,-0.6967137105374688,0.6985367772918607,
933,-1.7429741722525374,12,1.2487859899636515,14,-0.9422138611914406,-1.3957302425459464,
934,null,infinity,null,infinity,-0.8188819550970425,1.4580832335834266,
935,null,infinity,null,infinity,-2.2342445323467803,2.3003206299015377,
936,null,infinity,null,infinity,-0.6357022421443319,1.0577826603180533,
937,1.368548307471956,12,-2.274372936436295,11,0.9288644541107463,-0.6017203727598742,
938,1.7282990250455654,10,2.5713360016287656,8,2.1171964527717466,0.6721394678675254,
939,1.304332501748526,17,-1.4954451985999184,20,0.6356301920658565,-0.8721906404018775,
940,1.4153012980061943,9,-4.1087156500628135,8,1.1719226455363052,-0.34446498275817095,
941,1.3736047945307492,9,-1.2989055871443036,20,0.6037190959857481,-1.0574912047141514,
942,1.6251372833740838,26,-0.931241924102162,28,0.5512668159220033,-1.745147902029829,
943,null,infinity,null,infinity,0.9757907420940031,0.4838969469216545,
944,-2.3434725287686016,7,-4.019807503566773,3,-2.592240741755307,0.5829812827393674,
945,null,infinity,null,infinity,-0.4779182049062607,1.0297407337812288,
946,null,infinity,null,infinity,-1.839908635296423,2.2146909987568217,
947,-1.8896740651712172,40,0.703908672425678,35,-0.46902229436225307,-2.6846337869130714,
948,-1.3474418715964516,13,1.799913269765077,15,-0.791849753123373,-0.7486148413637663,
949,1.157316366416962,10,-2.0471352179302036,13,0.6688218604989484,-0.5653280407043214,
950,2.486438646046769,8,-1.021931631341925,14,1.5079160345979026,-2.433073170546627,
951,-2.005457607958645,17,0.9126823681049477,20,-0.9097853609894844,-2.197358405884149,
952,-2.5854677939836854,10,1.1455578962061832,13,-1.7125263945684885,-2.25693346704232,
953,1.4931719931823482,10,-2.4205485836441683,11,1.0800491371013763,-0.6168771864603343,
954,1.867559641444169,15,-1.4659101162555235,10,1.1853862958295074,-1.2739805898789751,
955,0.668545657310411,9,-6.249466184067361,11,0.5085365489382427,-0.10697698158854263,
956,null,infinity,null,infinity,0.0926837644209817,1.1969465342067067,
957,1.7267475617237027,35,-0.7428186954183116,41,0.38046838473242994,-2.32462207376352,
958,null,infinity,null,infinity,1.9797130486357584,0.995985653136409,
959,null,infinity,null,infinity,-3.240031723696007,3.141914369115516,
960,null,infinity,null,infinity,-0.010897458680482863,-4.722287301199874,
961,1.3784858622589753,6,-37.73001424827401,5,1.351981681449713,-0.03653552227988158,
962,null,infinity,null,infinity,2.0760892398459414,2.533271752888359,
963,1.1490990668700631,6,-7.852751876860394,7,1.0217532584752234,-0.14633048462804119,
964,2.3267250529244623,7,6.634174224490452,6,2.4774600076616764,0.35071813311077216,
965,null,infinity,null,infinity,-1.466456738225315,0.8700583085677369,
966,null,infinity,null,infinity,-2.709644885392886,3.2682648139339148,
967,null,infinity,null,infinity,0.7898318357486356,0.17553159020062858,
968,null,infinity,null,infinity,-0.5578141907722269,0.12342902284642829,
969,-0.846783127069415,9,-3.322622074771221,13,-1.147738097707677,0.2548513875682533,
970,1.5556203662571955,17,1.2865177616175207,13,2.332914606651794,1.2091545044174312,
971,null,infinity,null,infinity,-1.974430123226981,2.500221573437352,
972,-0.8582571239022414,11,3.457593854498389,14,-0.5690501335656291,-0.24822761681580774,
973,-1.9187613776173034,6,4.8896986945316145,8,-1.7142450326667276,-0.3924081024839766,
974,1.5918693520223766,11,-2.0493453978659226,12,1.1039017942239018,-0.7767639139573718,
975,null,infinity,null,infinity,-0.6662629327010245,0.23751809319556083,
976,null,infinity,null,infinity,-0.034546174163557986,-0.737313307720345,
977,-2.0735954786248043,12,1.588927449817179,10,-1.4442480906333697,-1.3050264485832468,
978,2.096554199785101,5,-12.994015540184227,6,2.0195958719421734,-0.1613476902389488,
979,0.6798548519818692,42,-1.9681237473865656,38,0.17173587553449687,-0.3454276078776266,
980,-1.5640641628907055,7,2.234415104784427,15,-1.1165285253981692,-0.6999907294890064,
981,null,infinity,null,infinity,-0.14705229905948425,1.2861585557691901,
982,3.1060724941672997,10,-1.3587396777320144,6,2.37008797646116,-2.286007817191016,
983,null,infinity,null,infinity,-0.9099202960097239,0.734714511011691,
984,1.7531654493255706,22,-0.9606194728556304,20,0.7121403233298951,-1.8250551196087597,
985,1.1073080975401806,14,2.0584127035464865,13,1.593106317379727,0.5379401456200661,
986,1.9782763294807963,7,-3.702644380194321,7,1.70819724332544,-0.5342874221686922,
987,-1.6691964855692147,10,-3.0610666866589704,7,-1.9958785204877123,0.5452998364538338,
988,-1.2428077374919142,18,-1.4605627923229876,15,-1.9274978481575453,0.850910485020437,
989,-1.4322207398813036,17,1.5707398821485572,14,-0.79558578936417,-0.9118240972238543,
990,1.090599242496601,40,-1.2180725088728537,41,0.2696361546216939,-0.8953808696196464,
991,null,infinity,null,infinity,0.4970322642691247,0.8087375197397658,
992,null,infinity,null,infinity,0.11529454450498111,-4.459275663975689,
993,null,infinity,null,infinity,0.9460841319175506,0.8029921726546725,
994,1.9068190764272324,8,1.932000437168755,10,2.424427203986559,0.986967177254199,
995,0.7448097851291832,43,-1.6927492666998876,57,0.15402964927551777,-0.43999343094861865,
996,null,infinity,null,infinity,-0.012008730689196057,-2.4422531722977943,
997,1.979593189192192,27,-0.8187472355645521,16,0.7582082302178681,-2.417904704210294,
998,null,infinity,null,infinity,-2.840431445610881,3.6494501221493443,
999,null,infinity,null,infinity,-1.0721437715247477,1.609878804982841,
1000,-1.5559060689314397,34,-0.9000834756252452,16,-2.6669059958765726,1.7285652552800421,
